{"test":{"Question":"Sample text","Answers":[{"Text":"op1","Emoji":"😵"},{"Text":"op2","Emoji":"🧐"}],"removeAfter":"00:00:10"},"test1":{"Question":"Sample1 text","Answers":[{"Text":"op11","Emoji":"😵"},{"Text":"op2","Emoji":"🧐"}],"removeAfter":"00:00:05"},"pollid":{"Question":"Sample text","Answers":[{"Text":"Question1","Emoji":"😐"},{"Text":"Question2","Emoji":"❓"}],"removeAfter":"00:00:05"},"pollid1":{"Question":"Sample text","Answers":[{"Text":"Question1","Emoji":"😐"},{"Text":"Question2","Emoji":"❓"}],"removeAfter":"00:00:05"}}