{"testquestion":{"Answers":[{"IsCorrect":true,"Text":"Option1","Emoji":"👌"},{"IsCorrect":false,"Text":"Option2","Emoji":"☠️"}],"Question":"Test question","removeAfter":"00:00:10"},"second":{"Answers":[{"IsCorrect":true,"Text":"V","Emoji":"✌️"},{"IsCorrect":false,"Text":"Wave","Emoji":"👋"}],"Question":"Second test question","removeAfter":"00:00:10"},"first":{"Answers":[{"IsCorrect":false,"Text":"Why?","Emoji":"😐"},{"IsCorrect":false,"Text":"Who?","Emoji":"❓"},{"IsCorrect":true,"Text":"ok","Emoji":"🤨"}],"Question":"First question","removeAfter":"00:00:10"},"tq":{"Answers":[{"IsCorrect":false,"Text":"Answer1","Emoji":"👋"},{"IsCorrect":true,"Text":"Answer2","Emoji":"🚙"}],"Question":"Test quiz","removeAfter":"00:00:05"}}